Campaign Name,Ad Group Name,Ad Name,Goal,Total Results,Cost per Result,Impressions,eCPM,Clicks,CPC (USD),CTR,Amount Spent (USD),Click-through Result,View-through Result,Result Rate,Reddit Leads,Reach,Frequency,Engaged Clicks,Currency
Real-Time Game Voice Translation,Traffic Ad Group 2026-02-25 20:08:26 EST,Talk Trash in Any Language- Game Voice Translation,-,0,0,27950,0.99,100,0.28,0.003577818,27.66662,0,0,0,0,24258,1.152197213290461,0,
Real-Time Game Voice Translation,Traffic Ad Group 2026-02-25 20:08:26 EST,Finally Understand What Your Squad Is Saying,-,0,0,143964,0.85,672,0.18,0.004667834,122.33338,0,0,0,0,84968,1.694331983805668,0,
Dreamflow AI,Traffic Ad Group 2026-02-28 23:16:31 EST,Traffic Ad 2026-02-28 23:16:31 EST,-,0,0,17975,7.4,107,1.24,0.005952712,133.02998,0,0,0,0,17110,1.0505552308591466,0,
Dreamflow AI,Traffic Ad Group 2026-02-28 23:16:31 EST,Ad 1,-,0,0,4402,3.86,19,0.89,0.00431622,16.97002,0,0,0,0,4318,1.0194534506716073,0,
VoiceHired,Ad group 1,Ad 1,-,0,0,9197,4.25,42,0.93,0.004566707,39.095413,0,0,0,0,8730,1.0534936998854525,0,
VoiceHired,Ad group 1,Ad 2,-,0,0,8643,8.1,59,1.19,0.006826333,69.98645,0,0,0,0,8077,1.0700755230902563,0,
Real-Time Game Voice Translation V2,Traffic Ad Group 2026-02-25 20:08:26 EST,Finally Understand What Your Squad Is Saying,PAGE_VISIT,1047,0.52,441042,1.23,1442,0.38,0.00326953,544.468758,987,60,0.002373924,0,239104,1.8445613624197001,0,
AI Interview Coach,Traffic Ad Group 2026-03-14 08:06:11 EDT,Traffic Ad 2026-03-14 08:06:11 EDT,-,0,0,152,0,0,0,0,0,0,0,0,0,145,1.0482758620689656,0,
AI Interview Coach,Traffic Ad Group 2026-03-14 08:06:11 EDT,Traffic Ad 2026-03-14 08:06:11 EDT,-,0,0,14778,6.17,72,1.27,0.004872107,91.201052,0,0,0,0,12469,1.1851792445264255,0,
Study with AI Buddy,Traffic Ad Group 2026-03-14 08:06:11 EDT,Traffic Ad 2026-03-14 08:06:11 EDT,-,0,0,11164,7.71,54,1.59,0.004836976,86.119254,0,0,0,0,9774,1.1422140372416616,0,
Study with AI Buddy,Traffic Ad Group 2026-03-14 08:06:11 EDT,Traffic Ad 2026-03-14 08:06:11 EDT,-,0,0,2673,5.19,14,0.99,0.005237561,13.880746,0,0,0,0,2479,1.0782573618394513,0,
AI VTuber / Streamer Co-Host,Traffic Ad Group 2026-03-14 08:06:11 EDT,Traffic Ad 2026-03-14 08:06:11 EDT,-,0,0,15806,6.33,93,1.08,0.005883842,100,0,0,0,0,13194,1.1979687736850084,0,
AI VTuber / Streamer Co-Host,Traffic Ad Group 2026-03-14 08:06:11 EDT,Traffic Ad 2026-03-14 08:06:11 EDT,-,0,0,54,0,0,0,0,0,0,0,0,0,49,1.1020408163265305,0,
